CREATE DATABASE turtine; 

USE turtine;

CREATE TABLE habits (
    habit_id VARCHAR(36) PRIMARY KEY,
    habit_title VARCHAR(50) NOT NULL,
    discription VARCHAR(300),
    target_days INT NOT NULL,
    trash_type VARCHAR(50) NOT NULL
);

CREATE TABLE users (
    user_id VARCHAR(36) PRIMARY KEY,
    username VARCHAR(50) NOT NULL,
    email VARCHAR(50) NOT NULL,
    password VARCHAR(50) NOT NULL,
    level INT NOT NULL DEFAULT 0,
);

CREATE TABLE fulfilled_habits (
    fulfilled_habit_id VARCHAR(36) PRIMARY KEY,
    user_id VARCHAR(36) NOT NULL,
    habit_id VARCHAR(36) NOT NULL,
    date DATE NOT NULL,
    FOREIGN KEY (user_id) REFERENCES users(user_id),
    FOREIGN KEY (habit_id) REFERENCES habits(habit_id)
);

CREATE TABLE planned_habits (
    planned_habit_id VARCHAR(36) PRIMARY KEY,
    user_id VARCHAR(36) NOT NULL,
    habit_id VARCHAR(36) NOT NULL,
    start_date DATE NOT NULL,
    end_date DATE NOT NULL,
    FOREIGN KEY (user_id) REFERENCES users(user_id),
);

-- Sample data for 'habits' table
INSERT INTO habits (habit_id, habit_title, discription, target_days, trash_type) 
VALUES
    ('1a2b3c', 'Recycle Plastics', 'Dispose of plastics in the designated recycling bin.', 30, 'Plastic'),
    ('4d5e6f', 'Reduce Water Usage', 'Take shorter showers and fix any leaks in the house.', 15, 'Water'),
    ('7g8h9i', 'Compost Kitchen Waste', 'Start composting fruit and vegetable scraps.', 20, 'Organic'),
    ('jklmno', 'Use Reusable Bags', 'Switch to reusable bags instead of plastic or paper.', 25, 'Paper/Plastic'),
    ('pqrstu', 'Save Energy', 'Turn off lights and unplug electronics when not in use.', 30, 'Electricity');

-- Sample data for 'users' table
INSERT INTO users (user_id, username, email, password, level) 
VALUES
    ('123abc', 'user1', 'user1@example.com', 'password1', 3),
    ('456def', 'user2', 'user2@example.com', 'password2', 2),
    ('789ghi', 'user3', 'user3@example.com', 'password3', 1),
    ('abc123', 'user4', 'user4@example.com', 'password4', 4),
    ('def456', 'user5', 'user5@example.com', 'password5', 2);

-- Sample data for 'fulfilled_habits' table
INSERT INTO fulfilled_habits (fulfilled_habit_id, user_id, habit_id, date) 
VALUES
    ('fh1', '123abc', '1a2b3c', '2023-11-15'),
    ('fh2', '123abc', '4d5e6f', '2023-11-15'),
    ('fh3', '123abc', '4d5e6f', '2023-11-16'),
    ('fh4', '456def', '4d5e6f', '2023-11-16'),
    ('fh5', '789ghi', '7g8h9i', '2023-11-15'),
    ('fh6', 'abc123', 'jklmno', '2023-11-17'),
    ('fh7', 'def456', 'pqrstu', '2023-11-16'),
    ('fh8', '123abc', '1a2b3c', '2023-11-30'),;

-- Sample data for 'planned_habits' table
INSERT INTO planned_habits (planned_habit_id, user_id, habit_id, start_date, end_date) 
VALUES
    ('ph1', '123abc', '1a2b3c', '2023-11-01', '2023-11-30'),
    ('ph2', '123abc', '4d5e6f', '2023-11-01', '2023-11-30'),
    ('ph3', '456def', '4d5e6f', '2023-11-02', '2023-12-01'),
    ('ph4', '789ghi', '7g8h9i', '2023-11-01', '2023-11-30'),
    ('ph5', 'abc123', 'jklmno', '2023-11-01', '2023-11-30'),
    ('ph6', 'def456', 'pqrstu', '2023-10-31', '2023-11-29');
